{"properties": [
  {
    "name": "mybatis.configuration.map.underscore-to-camel-case",
    "type": "java.lang.String",
    "description": "A description for 'mybatis.configuration.map.underscore-to-camel-case'"
  },
  {
    "name": "mybatis.mapper-locations",
    "type": "java.lang.String",
    "description": "A description for 'mybatis.mapper-locations'"
  },
  {
    "name": "mybatis.type-alias-package",
    "type": "java.lang.String",
    "description": "A description for 'mybatis.type-alias-package'"
  },
  {
    "name": "mybatis.configuration.call-setters-on-nulls",
    "type": "java.lang.String",
    "description": "A description for 'mybatis.configuration.call-setters-on-nulls'"
  }
]}