<?xml version="1.0" encoding="UTF-8" ?>
<!DOCTYPE mapper
    PUBLIC "-//mybatis.org//DTD Mapper 3.0//EN"
    "http://mybatis.org/dtd/mybatis-3-mapper.dtd">

<mapper namespace="kr.ac.shingu.appfrm.mapper.ChatMapper">

    <select id="selectChatUserById" resultType="ChatUser">
        SELECT 
            user_id,
            user_pwd,
            nickname,
            user_mail
        FROM 
            chat_user
        WHERE 
            user_id = #{id}
    </select>

    <insert id="insertChatUser">
        INSERT INTO chat_user 
            (user_id, user_pwd, nickname, user_mail)
        VALUES 
            (#{userId}, #{userPwd}, #{nickname}, #{userMail})
    </insert>
    
    <select id="selectAllChatMsg" resultType="ChatMsg">
        SELECT 
            msg_id, 
            nickname, 
            chat_content, 
            chat_cre_time
        FROM 
            chat_msg ${value}
    </select>
    
    <select id="selectNextMsgId" resultType="Long">
        SELECT 
            MAX(msg_id) + 1
        FROM 
            chat_msg
    </select>
    
    <insert id="insertChatMsg">
        INSERT INTO chat_msg
            (msg_id, nickname, chat_content, chat_cre_time)
        VALUES
            (#{msgId}, #{nickname}, #{chatContent}, #{chatCreTime})
    </insert>

</mapper>